-- phpMyAdmin SQL Dump
-- version 4.4.14
-- http://www.phpmyadmin.net
--
-- Host: localhost
-- Generation Time: Feb 19, 2018 at 09:09 PM
-- Server version: 5.5.31
-- PHP Version: 5.3.29

SET SQL_MODE = "NO_AUTO_VALUE_ON_ZERO";
SET time_zone = "+00:00";


/*!40101 SET @OLD_CHARACTER_SET_CLIENT=@@CHARACTER_SET_CLIENT */;
/*!40101 SET @OLD_CHARACTER_SET_RESULTS=@@CHARACTER_SET_RESULTS */;
/*!40101 SET @OLD_COLLATION_CONNECTION=@@COLLATION_CONNECTION */;
/*!40101 SET NAMES utf8mb4 */;

--
-- Database: `dangdung_dd`
--

-- --------------------------------------------------------

--
-- Table structure for table `rollup`
--

CREATE TABLE IF NOT EXISTS `rollup` (
  `user_id` varchar(50) NOT NULL,
  `roll_day` int(10) unsigned NOT NULL,
  `first` time DEFAULT NULL,
  `last` time DEFAULT NULL,
  `note` text,
  `updated` timestamp NOT NULL DEFAULT CURRENT_TIMESTAMP ON UPDATE CURRENT_TIMESTAMP
) ENGINE=InnoDB DEFAULT CHARSET=utf8mb4;

--
-- Dumping data for table `rollup`
--

INSERT INTO `rollup` (`user_id`, `roll_day`, `first`, `last`, `note`, `updated`) VALUES
('1908448496062033', 20180125, '22:51:00', '23:07:00', NULL, '2018-01-25 16:07:00'),
('1908448496062033', 20180126, '22:13:00', '22:14:00', NULL, '2018-01-26 15:14:43'),
('1908448496062033', 20180127, '06:40:00', '21:32:00', NULL, '2018-01-27 14:32:45'),
('1908448496062033', 20180128, '05:57:00', '22:19:00', NULL, '2018-01-28 15:19:02'),
('1908448496062033', 20180129, '05:09:00', NULL, NULL, '2018-01-28 22:09:20'),
('1908448496062033', 20180130, '12:51:00', '23:06:00', NULL, '2018-01-30 16:06:28'),
('1908448496062033', 20180131, '06:44:00', '22:05:00', NULL, '2018-01-31 15:05:52'),
('1908448496062033', 20180201, '06:11:00', '22:55:00', NULL, '2018-02-01 15:55:25'),
('1908448496062033', 20180202, '05:26:00', '23:10:00', NULL, '2018-02-02 16:10:47'),
('1908448496062033', 20180203, '04:50:00', NULL, NULL, '2018-02-02 21:50:19'),
('1908448496062033', 20180204, '07:13:00', '23:38:00', NULL, '2018-02-04 16:38:31'),
('1908448496062033', 20180205, '06:50:00', NULL, NULL, '2018-02-04 23:50:25'),
('1908448496062033', 20180206, '23:22:00', '23:23:00', NULL, '2018-02-06 16:23:08'),
('1908448496062033', 20180207, '06:16:00', NULL, NULL, '2018-02-06 23:16:58'),
('1908448496062033', 20180209, '06:00:00', NULL, NULL, '2018-02-08 23:00:35'),
('1908448496062033', 20180210, '06:28:00', NULL, NULL, '2018-02-09 23:28:48'),
('1908448496062033', 20180211, '05:55:00', NULL, NULL, '2018-02-10 22:55:30'),
('2208382589387981', 20180125, '22:31:00', '00:32:00', NULL, '2018-01-25 17:32:00'),
('2208382589387981', 20180126, '05:33:00', '01:04:00', NULL, '2018-01-26 18:04:40'),
('2208382589387981', 20180127, '05:16:00', '02:38:00', NULL, '2018-01-27 19:38:22'),
('2208382589387981', 20180128, '11:35:00', '00:01:00', NULL, '2018-01-28 17:01:11'),
('2208382589387981', 20180129, '05:19:00', '23:23:00', NULL, '2018-01-29 16:23:55'),
('2208382589387981', 20180130, '05:22:00', '23:30:00', NULL, '2018-01-30 16:30:58'),
('2208382589387981', 20180131, '05:51:00', '00:59:00', NULL, '2018-01-31 17:59:46'),
('2208382589387981', 20180201, '05:53:00', '22:52:00', NULL, '2018-02-01 15:52:54'),
('2208382589387981', 20180202, '05:32:00', '01:10:00', NULL, '2018-02-02 18:10:35'),
('2208382589387981', 20180203, '05:32:00', '01:00:00', NULL, '2018-02-03 18:00:18'),
('2208382589387981', 20180204, '05:25:00', '23:16:00', NULL, '2018-02-04 16:16:50'),
('2208382589387981', 20180205, '05:44:00', NULL, NULL, '2018-02-04 22:44:05'),
('2208382589387981', 20180206, '05:42:00', '00:44:00', NULL, '2018-02-06 17:44:18'),
('2208382589387981', 20180207, '00:05:00', '00:05:00', NULL, '2018-02-07 17:05:50'),
('2208382589387981', 20180208, '06:13:00', '01:19:00', NULL, '2018-02-08 18:19:27'),
('2208382589387981', 20180209, '07:08:00', NULL, NULL, '2018-02-09 00:08:04'),
('2440402312852176', 20180125, '22:39:00', '22:46:00', NULL, '2018-01-25 15:46:22'),
('835601776625598', 20180125, '22:41:00', '00:12:00', NULL, '2018-01-25 17:12:22'),
('835601776625598', 20180126, '07:10:00', '23:41:00', NULL, '2018-01-26 16:41:42'),
('835601776625598', 20180127, '22:50:00', '22:51:00', NULL, '2018-01-27 15:51:13'),
('835601776625598', 20180128, '06:16:00', '23:03:00', NULL, '2018-01-28 16:03:03'),
('835601776625598', 20180129, '04:57:00', '00:07:00', NULL, '2018-01-29 17:07:57'),
('835601776625598', 20180130, '05:07:00', '00:32:00', NULL, '2018-01-30 17:32:06'),
('835601776625598', 20180131, '06:00:00', '22:41:00', NULL, '2018-01-31 15:41:01'),
('835601776625598', 20180201, '05:09:00', '22:24:00', NULL, '2018-02-01 15:24:21'),
('835601776625598', 20180202, '05:11:00', '00:08:00', NULL, '2018-02-02 17:08:31'),
('835601776625598', 20180205, '05:25:00', '00:30:00', NULL, '2018-02-05 17:30:41'),
('835601776625598', 20180206, '06:11:00', NULL, NULL, '2018-02-05 23:11:35'),
('846831985467200', 20180125, '22:40:00', NULL, NULL, '2018-01-25 15:40:22'),
('846831985467200', 20180126, '09:27:00', NULL, NULL, '2018-01-26 02:27:18'),
('846831985467200', 20180127, '10:31:00', NULL, NULL, '2018-01-27 03:31:33'),
('846831985467200', 20180128, '21:03:00', NULL, NULL, '2018-01-28 15:07:12'),
('846831985467200', 20180129, '06:23:00', NULL, NULL, '2018-01-28 23:23:33'),
('846831985467200', 20180130, '06:16:00', '00:31:00', NULL, '2018-01-30 17:31:27'),
('846831985467200', 20180131, '22:42:00', '22:43:00', NULL, '2018-01-31 15:43:53'),
('846831985467200', 20180201, '04:57:00', NULL, NULL, '2018-01-31 21:57:01'),
('859319544224236', 20180125, '01:27:00', '01:28:00', NULL, '2018-01-25 18:28:22'),
('859319544224236', 20180126, '08:17:00', '23:10:00', NULL, '2018-01-26 16:10:48'),
('859319544224236', 20180128, '22:31:00', '22:32:00', NULL, '2018-01-28 15:32:06'),
('859319544224236', 20180129, '06:00:00', '22:30:00', NULL, '2018-01-29 15:30:53'),
('859319544224236', 20180130, '06:40:00', '00:00:00', NULL, '2018-01-30 17:00:00'),
('859319544224236', 20180131, '06:02:00', '23:02:00', NULL, '2018-01-31 16:02:30'),
('859319544224236', 20180201, '05:34:00', '23:18:00', NULL, '2018-02-01 16:18:37'),
('859319544224236', 20180202, '06:16:00', '00:03:00', NULL, '2018-02-02 17:03:04'),
('859319544224236', 20180203, '06:14:00', NULL, NULL, '2018-02-02 23:14:20'),
('859319544224236', 20180204, '22:50:00', '22:50:00', NULL, '2018-02-04 15:50:42'),
('859319544224236', 20180205, '06:14:00', '23:43:00', NULL, '2018-02-05 16:43:03'),
('859319544224236', 20180206, '00:15:00', NULL, NULL, '2018-02-06 17:15:54'),
('859319544224236', 20180207, '01:23:00', '01:25:00', NULL, '2018-02-07 18:25:09'),
('859319544224236', 20180208, '06:10:00', '23:51:00', NULL, '2018-02-08 16:51:52'),
('876384689190057', 20180125, '00:07:00', '00:49:00', NULL, '2018-01-25 17:49:22'),
('876384689190057', 20180126, '05:32:00', '00:55:00', NULL, '2018-01-26 17:55:14'),
('876384689190057', 20180127, '10:28:00', '01:46:00', NULL, '2018-01-27 18:46:19'),
('876384689190057', 20180128, '10:53:00', '01:31:00', NULL, '2018-01-28 18:31:41'),
('876384689190057', 20180129, '05:31:00', '01:13:00', NULL, '2018-01-29 18:13:29'),
('876384689190057', 20180130, '05:33:00', '01:33:00', NULL, '2018-01-30 18:33:15'),
('876384689190057', 20180131, '00:21:00', '00:23:00', NULL, '2018-01-31 17:39:09'),
('876384689190057', 20180201, '00:17:00', '00:18:00', NULL, '2018-02-01 17:18:03'),
('876384689190057', 20180202, '00:12:00', '00:13:00', NULL, '2018-02-02 17:13:11'),
('876384689190057', 20180203, '00:58:00', '00:59:00', NULL, '2018-02-03 17:59:31'),
('876384689190057', 20180204, '00:27:00', '00:27:00', NULL, '2018-02-04 17:27:51'),
('876384689190057', 20180205, '00:16:00', '00:17:00', NULL, '2018-02-05 17:17:02'),
('876384689190057', 20180206, '00:17:00', '00:18:00', NULL, '2018-02-06 17:18:15'),
('876384689190057', 20180207, '00:00:00', '00:01:00', NULL, '2018-02-07 17:01:12'),
('876384689190057', 20180208, '00:24:00', '00:24:00', NULL, '2018-02-08 17:24:45'),
('876384689190057', 20180209, '00:18:00', '00:18:00', NULL, '2018-02-09 17:18:41'),
('876384689190057', 20180210, '00:02:00', '00:02:00', NULL, '2018-02-10 17:02:43'),
('876384689190057', 20180211, '00:07:00', '00:07:00', NULL, '2018-02-11 17:07:54'),
('876384689190057', 20180212, '00:13:00', '00:14:00', NULL, '2018-02-12 17:14:09');

-- --------------------------------------------------------

--
-- Table structure for table `rules`
--

CREATE TABLE IF NOT EXISTS `rules` (
  `id` int(10) unsigned NOT NULL,
  `text` text NOT NULL,
  `functions` varchar(50) NOT NULL DEFAULT '0'
) ENGINE=InnoDB AUTO_INCREMENT=7 DEFAULT CHARSET=utf8mb4;

--
-- Dumping data for table `rules`
--

INSERT INTO `rules` (`id`, `text`, `functions`) VALUES
(1, 'Chuyển thành chuỗi đảo ngược', 'strrev'),
(2, 'Chuyển thành chuỗi chữ thường đảo ngược', 'strrev,strtolower'),
(3, 'Chuyển thành chuỗi chữ hoa', 'strtoupper'),
(4, 'Chuyển thành chuỗi chữ hoa đảo ngược', 'strrev,strtoupper'),
(5, 'Chữ thường => chữ hoa và ngược lại', 'lowerupper'),
(6, 'Chuyển thành chuỗi đảo ngược, chữ thường => chữ hoa và ngược lại', 'strrev,lowerupper');

-- --------------------------------------------------------

--
-- Table structure for table `users`
--

CREATE TABLE IF NOT EXISTS `users` (
  `id` varchar(50) NOT NULL,
  `name` varchar(50) NOT NULL,
  `updated_time` timestamp NOT NULL DEFAULT CURRENT_TIMESTAMP ON UPDATE CURRENT_TIMESTAMP
) ENGINE=InnoDB DEFAULT CHARSET=utf8mb4;

--
-- Dumping data for table `users`
--

INSERT INTO `users` (`id`, `name`, `updated_time`) VALUES
('1908448496062033', 'The Tien Nguyen', '2018-01-25 15:38:20'),
('2208382589387981', 'Nguyễn Đăng Dũng', '2018-01-25 15:27:21'),
('2440402312852176', 'Hoàng Liên', '2018-01-25 15:38:25'),
('835601776625598', 'Văn Tập', '2018-01-25 15:38:42'),
('846831985467200', 'Quân Lương', '2018-01-25 15:38:40'),
('859319544224236', 'Nguyễn Thành', '2018-01-25 18:26:42'),
('876384689190057', 'Vương Sơn', '2018-01-25 17:06:04');

--
-- Indexes for dumped tables
--

--
-- Indexes for table `rollup`
--
ALTER TABLE `rollup`
  ADD PRIMARY KEY (`user_id`,`roll_day`);

--
-- Indexes for table `rules`
--
ALTER TABLE `rules`
  ADD PRIMARY KEY (`id`);

--
-- Indexes for table `users`
--
ALTER TABLE `users`
  ADD PRIMARY KEY (`id`);

--
-- AUTO_INCREMENT for dumped tables
--

--
-- AUTO_INCREMENT for table `rules`
--
ALTER TABLE `rules`
  MODIFY `id` int(10) unsigned NOT NULL AUTO_INCREMENT,AUTO_INCREMENT=7;
--
-- Constraints for dumped tables
--

--
-- Constraints for table `rollup`
--
ALTER TABLE `rollup`
  ADD CONSTRAINT `FK1_user` FOREIGN KEY (`user_id`) REFERENCES `users` (`id`);

/*!40101 SET CHARACTER_SET_CLIENT=@OLD_CHARACTER_SET_CLIENT */;
/*!40101 SET CHARACTER_SET_RESULTS=@OLD_CHARACTER_SET_RESULTS */;
/*!40101 SET COLLATION_CONNECTION=@OLD_COLLATION_CONNECTION */;
